x_mm,y_mm,z_mm,ok,error_code,alpha_deg,servo0_pwm,servo1_pwm,servo2_pwm,servo3_pwm,command
-160.0,80.0,20.0,1,0,-85,1969,1147,1797,2146,{#000P1969T1500!#001P1147T1500!#002P1797T1500!#003P2146T1500!}
-160.0,80.0,60.0,1,0,-75,1969,1276,1850,2147,{#000P1969T1500!#001P1276T1500!#002P1850T1500!#003P2147T1500!}
-160.0,80.0,100.0,1,0,-63,1969,1382,1864,2151,{#000P1969T1500!#001P1382T1500!#002P1864T1500!#003P2151T1500!}
-160.0,80.0,140.0,1,0,-50,1969,1459,1844,2152,{#000P1969T1500!#001P1459T1500!#002P1844T1500!#003P2152T1500!}
-160.0,80.0,180.0,1,0,-37,1969,1501,1791,2151,{#000P1969T1500!#001P1501T1500!#002P1791T1500!#003P2151T1500!}
-160.0,80.0,220.0,1,0,-24,1969,1513,1716,2141,{#000P1969T1500!#001P1513T1500!#002P1716T1500!#003P2141T1500!}
-160.0,80.0,260.0,1,0,-11,1969,1489,1608,2129,{#000P1969T1500!#001P1489T1500!#002P1608T1500!#003P2129T1500!}
-160.0,80.0,300.0,0,8,,,,,,
-160.0,80.0,340.0,0,8,,,,,,
-160.0,80.0,380.0,0,8,,,,,,
-160.0,80.0,420.0,0,8,,,,,,
-160.0,120.0,20.0,1,0,-80,1893,1092,1699,2152,{#000P1893T1500!#001P1092T1500!#002P1699T1500!#003P2152T1500!}
-160.0,120.0,60.0,1,0,-71,1893,1217,1766,2143,{#000P1893T1500!#001P1217T1500!#002P1766T1500!#003P2143T1500!}
-160.0,120.0,100.0,1,0,-61,1893,1300,1756,2162,{#000P1893T1500!#001P1300T1500!#002P1756T1500!#003P2162T1500!}
-160.0,120.0,140.0,1,0,-49,1893,1372,1742,2159,{#000P1893T1500!#001P1372T1500!#002P1742T1500!#003P2159T1500!}
-160.0,120.0,180.0,1,0,-36,1893,1425,1718,2139,{#000P1893T1500!#001P1425T1500!#002P1718T1500!#003P2139T1500!}
-160.0,120.0,220.0,1,0,-23,1893,1444,1663,2117,{#000P1893T1500!#001P1444T1500!#002P1663T1500!#003P2117T1500!}
-160.0,120.0,260.0,1,0,-10,1893,1411,1536,2115,{#000P1893T1500!#001P1411T1500!#002P1536T1500!#003P2115T1500!}
-160.0,120.0,300.0,0,8,,,,,,
-160.0,120.0,340.0,0,8,,,,,,
-160.0,120.0,380.0,0,8,,,,,,
-160.0,120.0,420.0,0,8,,,,,,
-160.0,160.0,20.0,1,0,-72,1833,1046,1631,2114,{#000P1833T1500!#001P1046T1500!#002P1631T1500!#003P2114T1500!}
-160.0,160.0,60.0,1,0,-65,1833,1143,1660,2131,{#000P1833T1500!#001P1143T1500!#002P1660T1500!#003P2131T1500!}
-160.0,160.0,100.0,1,0,-56,1833,1220,1656,2145,{#000P1833T1500!#001P1220T1500!#002P1656T1500!#003P2145T1500!}
-160.0,160.0,140.0,1,0,-45,1833,1290,1657,2133,{#000P1833T1500!#001P1290T1500!#002P1657T1500!#003P2133T1500!}
-160.0,160.0,180.0,1,0,-33,1833,1337,1636,2112,{#000P1833T1500!#001P1337T1500!#002P1636T1500!#003P2112T1500!}
-160.0,160.0,220.0,1,0,-20,1833,1372,1626,2060,{#000P1833T1500!#001P1372T1500!#002P1626T1500!#003P2060T1500!}
-160.0,160.0,260.0,1,0,-7,1833,1339,1505,2052,{#000P1833T1500!#001P1339T1500!#002P1505T1500!#003P2052T1500!}
-160.0,160.0,300.0,0,8,,,,,,
-160.0,160.0,340.0,0,8,,,,,,
-160.0,160.0,380.0,0,8,,,,,,
-160.0,160.0,420.0,0,8,,,,,,
-160.0,200.0,20.0,1,0,-62,1786,1001,1588,2038,{#000P1786T1500!#001P1001T1500!#002P1588T1500!#003P2038T1500!}
-160.0,200.0,60.0,1,0,-56,1786,1091,1617,2055,{#000P1786T1500!#001P1091T1500!#002P1617T1500!#003P2055T1500!}
-160.0,200.0,100.0,1,0,-48,1786,1163,1621,2064,{#000P1786T1500!#001P1163T1500!#002P1621T1500!#003P2064T1500!}
-160.0,200.0,140.0,1,0,-38,1786,1231,1637,2042,{#000P1786T1500!#001P1231T1500!#002P1637T1500!#003P2042T1500!}
-160.0,200.0,180.0,1,0,-27,1786,1271,1618,2020,{#000P1786T1500!#001P1271T1500!#002P1618T1500!#003P2020T1500!}
-160.0,200.0,220.0,1,0,-15,1786,1285,1575,1987,{#000P1786T1500!#001P1285T1500!#002P1575T1500!#003P1987T1500!}
-160.0,200.0,260.0,1,0,-1,1786,1311,1603,1881,{#000P1786T1500!#001P1311T1500!#002P1603T1500!#003P1881T1500!}
-160.0,200.0,300.0,0,8,,,,,,
-160.0,200.0,340.0,0,8,,,,,,
-160.0,200.0,380.0,0,8,,,,,,
-160.0,200.0,420.0,0,8,,,,,,
-160.0,240.0,20.0,1,0,-50,1749,939,1543,1932,{#000P1749T1500!#001P0939T1500!#002P1543T1500!#003P1932T1500!}
-160.0,240.0,60.0,1,0,-45,1749,1032,1590,1941,{#000P1749T1500!#001P1032T1500!#002P1590T1500!#003P1941T1500!}
-160.0,240.0,100.0,1,0,-38,1749,1098,1597,1949,{#000P1749T1500!#001P1098T1500!#002P1597T1500!#003P1949T1500!}
-160.0,240.0,140.0,1,0,-29,1749,1157,1610,1928,{#000P1749T1500!#001P1157T1500!#002P1610T1500!#003P1928T1500!}
-160.0,240.0,180.0,1,0,-19,1749,1168,1543,1932,{#000P1749T1500!#001P1168T1500!#002P1543T1500!#003P1932T1500!}
-160.0,240.0,220.0,1,0,-6,1749,1221,1614,1818,{#000P1749T1500!#001P1221T1500!#002P1614T1500!#003P1818T1500!}
-160.0,240.0,260.0,0,8,,,,,,
-160.0,240.0,300.0,0,8,,,,,,
-160.0,240.0,340.0,0,8,,,,,,
-160.0,240.0,380.0,0,8,,,,,,
-160.0,240.0,420.0,0,8,,,,,,
-160.0,280.0,20.0,1,0,-33,1720,869,1558,1722,{#000P1720T1500!#001P0869T1500!#002P1558T1500!#003P1722T1500!}
-160.0,280.0,60.0,1,0,-30,1720,957,1588,1757,{#000P1720T1500!#001P0957T1500!#002P1588T1500!#003P1757T1500!}
-160.0,280.0,100.0,1,0,-24,1720,1023,1604,1763,{#000P1720T1500!#001P1023T1500!#002P1604T1500!#003P1763T1500!}
-160.0,280.0,140.0,1,0,-16,1720,1057,1577,1765,{#000P1720T1500!#001P1057T1500!#002P1577T1500!#003P1765T1500!}
-160.0,280.0,180.0,1,0,-5,1720,1080,1570,1714,{#000P1720T1500!#001P1080T1500!#002P1570T1500!#003P1714T1500!}
-160.0,280.0,220.0,0,8,,,,,,
-160.0,280.0,260.0,0,8,,,,,,
-160.0,280.0,300.0,0,8,,,,,,
-160.0,280.0,340.0,0,8,,,,,,
-160.0,280.0,380.0,0,8,,,,,,
-160.0,280.0,420.0,0,8,,,,,,
-160.0,320.0,20.0,0,8,,,,,,
-160.0,320.0,60.0,0,8,,,,,,
-160.0,320.0,100.0,0,8,,,,,,
-160.0,320.0,140.0,0,8,,,,,,
-160.0,320.0,180.0,0,8,,,,,,
-160.0,320.0,220.0,0,8,,,,,,
-160.0,320.0,260.0,0,8,,,,,,
-160.0,320.0,300.0,0,8,,,,,,
-160.0,320.0,340.0,0,8,,,,,,
-160.0,320.0,380.0,0,8,,,,,,
-160.0,320.0,420.0,0,8,,,,,,
-160.0,360.0,20.0,0,8,,,,,,
-160.0,360.0,60.0,0,8,,,,,,
-160.0,360.0,100.0,0,8,,,,,,
-160.0,360.0,140.0,0,8,,,,,,
-160.0,360.0,180.0,0,8,,,,,,
-160.0,360.0,220.0,0,8,,,,,,
-160.0,360.0,260.0,0,8,,,,,,
-160.0,360.0,300.0,0,8,,,,,,
-160.0,360.0,340.0,0,8,,,,,,
-160.0,360.0,380.0,0,8,,,,,,
-160.0,360.0,420.0,0,8,,,,,,
-160.0,400.0,20.0,0,8,,,,,,
-160.0,400.0,60.0,0,8,,,,,,
-160.0,400.0,100.0,0,8,,,,,,
-160.0,400.0,140.0,0,8,,,,,,
-160.0,400.0,180.0,0,8,,,,,,
-160.0,400.0,220.0,0,8,,,,,,
-160.0,400.0,260.0,0,8,,,,,,
-160.0,400.0,300.0,0,8,,,,,,
-160.0,400.0,340.0,0,8,,,,,,
-160.0,400.0,380.0,0,8,,,,,,
-160.0,400.0,420.0,0,8,,,,,,
-120.0,80.0,20.0,1,0,-93,1917,1218,1923,2150,{#000P1917T1500!#001P1218T1500!#002P1923T1500!#003P2150T1500!}
-120.0,80.0,60.0,1,0,-81,1917,1364,1966,2164,{#000P1917T1500!#001P1364T1500!#002P1966T1500!#003P2164T1500!}
-120.0,80.0,100.0,1,0,-65,1917,1507,1997,2157,{#000P1917T1500!#001P1507T1500!#002P1997T1500!#003P2157T1500!}
-120.0,80.0,140.0,1,0,-50,1917,1593,1965,2164,{#000P1917T1500!#001P1593T1500!#002P1965T1500!#003P2164T1500!}
-120.0,80.0,180.0,1,0,-35,1917,1647,1922,2151,{#000P1917T1500!#001P1647T1500!#002P1922T1500!#003P2151T1500!}
-120.0,80.0,220.0,1,0,-23,1917,1635,1807,2165,{#000P1917T1500!#001P1635T1500!#002P1807T1500!#003P2165T1500!}
-120.0,80.0,260.0,1,0,-10,1917,1615,1711,2144,{#000P1917T1500!#001P1615T1500!#002P1711T1500!#003P2144T1500!}
-120.0,80.0,300.0,0,8,,,,,,
-120.0,80.0,340.0,0,8,,,,,,
-120.0,80.0,380.0,0,8,,,,,,
-120.0,80.0,420.0,0,8,,,,,,
-120.0,120.0,20.0,1,0,-88,1833,1154,1807,2165,{#000P1833T1500!#001P1154T1500!#002P1807T1500!#003P2165T1500!}
-120.0,120.0,60.0,1,0,-77,1833,1295,1874,2157,{#000P1833T1500!#001P1295T1500!#002P1874T1500!#003P2157T1500!}
-120.0,120.0,100.0,1,0,-64,1833,1411,1896,2156,{#000P1833T1500!#001P1411T1500!#002P1896T1500!#003P2156T1500!}
-120.0,120.0,140.0,1,0,-50,1833,1498,1886,2149,{#000P1833T1500!#001P1498T1500!#002P1886T1500!#003P2149T1500!}
-120.0,120.0,180.0,1,0,-37,1833,1536,1823,2154,{#000P1833T1500!#001P1536T1500!#002P1823T1500!#003P2154T1500!}
-120.0,120.0,220.0,1,0,-24,1833,1545,1743,2147,{#000P1833T1500!#001P1545T1500!#002P1743T1500!#003P2147T1500!}
-120.0,120.0,260.0,1,0,-11,1833,1524,1640,2132,{#000P1833T1500!#001P1524T1500!#002P1640T1500!#003P2132T1500!}
-120.0,120.0,300.0,0,8,,,,,,
-120.0,120.0,340.0,0,8,,,,,,
-120.0,120.0,380.0,0,8,,,,,,
-120.0,120.0,420.0,0,8,,,,,,
-120.0,160.0,20.0,1,0,-80,1773,1092,1699,2152,{#000P1773T1500!#001P1092T1500!#002P1699T1500!#003P2152T1500!}
-120.0,160.0,60.0,1,0,-71,1773,1217,1766,2143,{#000P1773T1500!#001P1217T1500!#002P1766T1500!#003P2143T1500!}
-120.0,160.0,100.0,1,0,-61,1773,1300,1756,2162,{#000P1773T1500!#001P1300T1500!#002P1756T1500!#003P2162T1500!}
-120.0,160.0,140.0,1,0,-49,1773,1372,1742,2159,{#000P1773T1500!#001P1372T1500!#002P1742T1500!#003P2159T1500!}
-120.0,160.0,180.0,1,0,-36,1773,1425,1718,2139,{#000P1773T1500!#001P1425T1500!#002P1718T1500!#003P2139T1500!}
-120.0,160.0,220.0,1,0,-23,1773,1444,1663,2117,{#000P1773T1500!#001P1444T1500!#002P1663T1500!#003P2117T1500!}
-120.0,160.0,260.0,1,0,-10,1773,1411,1536,2115,{#000P1773T1500!#001P1411T1500!#002P1536T1500!#003P2115T1500!}
-120.0,160.0,300.0,0,8,,,,,,
-120.0,160.0,340.0,0,8,,,,,,
-120.0,160.0,380.0,0,8,,,,,,
-120.0,160.0,420.0,0,8,,,,,,
-120.0,200.0,20.0,1,0,-70,1729,1024,1594,2115,{#000P1729T1500!#001P1024T1500!#002P1594T1500!#003P2115T1500!}
-120.0,200.0,60.0,1,0,-63,1729,1130,1647,2116,{#000P1729T1500!#001P1130T1500!#002P1647T1500!#003P2116T1500!}
-120.0,200.0,100.0,1,0,-54,1729,1213,1661,2118,{#000P1729T1500!#001P1213T1500!#002P1661T1500!#003P2118T1500!}
-120.0,200.0,140.0,1,0,-44,1729,1257,1610,2139,{#000P1729T1500!#001P1257T1500!#002P1610T1500!#003P2139T1500!}
-120.0,200.0,180.0,1,0,-32,1729,1311,1608,2106,{#000P1729T1500!#001P1311T1500!#002P1608T1500!#003P2106T1500!}
-120.0,200.0,220.0,1,0,-19,1729,1352,1615,2045,{#000P1729T1500!#001P1352T1500!#002P1615T1500!#003P2045T1500!}
-120.0,200.0,260.0,1,0,-5,1729,1380,1635,1949,{#000P1729T1500!#001P1380T1500!#002P1635T1500!#003P1949T1500!}
-120.0,200.0,300.0,0,8,,,,,,
-120.0,200.0,340.0,0,8,,,,,,
-120.0,200.0,380.0,0,8,,,,,,
-120.0,200.0,420.0,0,8,,,,,,
-120.0,240.0,20.0,1,0,-57,1696,1007,1635,1961,{#000P1696T1500!#001P1007T1500!#002P1635T1500!#003P1961T1500!}
-120.0,240.0,60.0,1,0,-52,1696,1071,1609,2014,{#000P1696T1500!#001P1071T1500!#002P1609T1500!#003P2014T1500!}
-120.0,240.0,100.0,1,0,-45,1696,1102,1528,2074,{#000P1696T1500!#001P1102T1500!#002P1528T1500!#003P2074T1500!}
-120.0,240.0,140.0,1,0,-35,1696,1198,1612,2011,{#000P1696T1500!#001P1198T1500!#002P1612T1500!#003P2011T1500!}
-120.0,240.0,180.0,1,0,-24,1696,1246,1619,1971,{#000P1696T1500!#001P1246T1500!#002P1619T1500!#003P1971T1500!}
-120.0,240.0,220.0,1,0,-12,1696,1265,1594,1926,{#000P1696T1500!#001P1265T1500!#002P1594T1500!#003P1926T1500!}
-120.0,240.0,260.0,0,8,,,,,,
-120.0,240.0,300.0,0,8,,,,,,
-120.0,240.0,340.0,0,8,,,,,,
-120.0,240.0,380.0,0,8,,,,,,
-120.0,240.0,420.0,0,8,,,,,,
-120.0,280.0,20.0,1,0,-43,1671,893,1508,1870,{#000P1671T1500!#001P0893T1500!#002P1508T1500!#003P1870T1500!}
-120.0,280.0,60.0,1,0,-39,1671,970,1518,1907,{#000P1671T1500!#001P0970T1500!#002P1518T1500!#003P1907T1500!}
-120.0,280.0,100.0,1,0,-32,1671,1066,1599,1870,{#000P1671T1500!#001P1066T1500!#002P1599T1500!#003P1870T1500!}
-120.0,280.0,140.0,1,0,-24,1671,1087,1531,1899,{#000P1671T1500!#001P1087T1500!#002P1531T1500!#003P1899T1500!}
-120.0,280.0,180.0,1,0,-13,1671,1149,1594,1817,{#000P1671T1500!#001P1149T1500!#002P1594T1500!#003P1817T1500!}
-120.0,280.0,220.0,1,0,0,1671,1163,1594,1735,{#000P1671T1500!#001P1163T1500!#002P1594T1500!#003P1735T1500!}
-120.0,280.0,260.0,0,8,,,,,,
-120.0,280.0,300.0,0,8,,,,,,
-120.0,280.0,340.0,0,8,,,,,,
-120.0,280.0,380.0,0,8,,,,,,
-120.0,280.0,420.0,0,8,,,,,,
-120.0,320.0,20.0,0,8,,,,,,
-120.0,320.0,60.0,1,0,-16,1652,857,1540,1602,{#000P1652T1500!#001P0857T1500!#002P1540T1500!#003P1602T1500!}
-120.0,320.0,100.0,1,0,-12,1652,919,1532,1642,{#000P1652T1500!#001P0919T1500!#002P1532T1500!#003P1642T1500!}
-120.0,320.0,140.0,1,0,-2,1652,967,1572,1576,{#000P1652T1500!#001P0967T1500!#002P1572T1500!#003P1576T1500!}
-120.0,320.0,180.0,0,8,,,,,,
-120.0,320.0,220.0,0,8,,,,,,
-120.0,320.0,260.0,0,8,,,,,,
-120.0,320.0,300.0,0,8,,,,,,
-120.0,320.0,340.0,0,8,,,,,,
-120.0,320.0,380.0,0,8,,,,,,
-120.0,320.0,420.0,0,8,,,,,,
-120.0,360.0,20.0,0,8,,,,,,
-120.0,360.0,60.0,0,8,,,,,,
-120.0,360.0,100.0,0,8,,,,,,
-120.0,360.0,140.0,0,8,,,,,,
-120.0,360.0,180.0,0,8,,,,,,
-120.0,360.0,220.0,0,8,,,,,,
-120.0,360.0,260.0,0,8,,,,,,
-120.0,360.0,300.0,0,8,,,,,,
-120.0,360.0,340.0,0,8,,,,,,
-120.0,360.0,380.0,0,8,,,,,,
-120.0,360.0,420.0,0,8,,,,,,
-120.0,400.0,20.0,0,8,,,,,,
-120.0,400.0,60.0,0,8,,,,,,
-120.0,400.0,100.0,0,8,,,,,,
-120.0,400.0,140.0,0,8,,,,,,
-120.0,400.0,180.0,0,8,,,,,,
-120.0,400.0,220.0,0,8,,,,,,
-120.0,400.0,260.0,0,8,,,,,,
-120.0,400.0,300.0,0,8,,,,,,
-120.0,400.0,340.0,0,8,,,,,,
-120.0,400.0,380.0,0,8,,,,,,
-120.0,400.0,420.0,0,8,,,,,,
-80.0,80.0,20.0,1,0,-100,1833,1271,2023,2155,{#000P1833T1500!#001P1271T1500!#002P2023T1500!#003P2155T1500!}
-80.0,80.0,60.0,1,0,-83,1833,1472,2095,2158,{#000P1833T1500!#001P1472T1500!#002P2095T1500!#003P2158T1500!}
-80.0,80.0,100.0,1,0,-63,1833,1648,2117,2163,{#000P1833T1500!#001P1648T1500!#002P2117T1500!#003P2163T1500!}
-80.0,80.0,140.0,1,0,-44,1833,1761,2096,2158,{#000P1833T1500!#001P1761T1500!#002P2096T1500!#003P2158T1500!}
-80.0,80.0,180.0,1,0,-30,1833,1787,2014,2162,{#000P1833T1500!#001P1787T1500!#002P2014T1500!#003P2162T1500!}
-80.0,80.0,220.0,1,0,-18,1833,1769,1907,2162,{#000P1833T1500!#001P1769T1500!#002P1907T1500!#003P2162T1500!}
-80.0,80.0,260.0,1,0,-6,1833,1734,1803,2142,{#000P1833T1500!#001P1734T1500!#002P1803T1500!#003P2142T1500!}
-80.0,80.0,300.0,0,8,,,,,,
-80.0,80.0,340.0,0,8,,,,,,
-80.0,80.0,380.0,0,8,,,,,,
-80.0,80.0,420.0,0,8,,,,,,
-80.0,120.0,20.0,1,0,-93,1749,1218,1923,2150,{#000P1749T1500!#001P1218T1500!#002P1923T1500!#003P2150T1500!}
-80.0,120.0,60.0,1,0,-81,1749,1364,1966,2164,{#000P1749T1500!#001P1364T1500!#002P1966T1500!#003P2164T1500!}
-80.0,120.0,100.0,1,0,-65,1749,1507,1997,2157,{#000P1749T1500!#001P1507T1500!#002P1997T1500!#003P2157T1500!}
-80.0,120.0,140.0,1,0,-50,1749,1593,1965,2164,{#000P1749T1500!#001P1593T1500!#002P1965T1500!#003P2164T1500!}
-80.0,120.0,180.0,1,0,-35,1749,1647,1922,2151,{#000P1749T1500!#001P1647T1500!#002P1922T1500!#003P2151T1500!}
-80.0,120.0,220.0,1,0,-23,1749,1635,1807,2165,{#000P1749T1500!#001P1635T1500!#002P1807T1500!#003P2165T1500!}
-80.0,120.0,260.0,1,0,-10,1749,1615,1711,2144,{#000P1749T1500!#001P1615T1500!#002P1711T1500!#003P2144T1500!}
-80.0,120.0,300.0,0,8,,,,,,
-80.0,120.0,340.0,0,8,,,,,,
-80.0,120.0,380.0,0,8,,,,,,
-80.0,120.0,420.0,0,8,,,,,,
-80.0,160.0,20.0,1,0,-85,1696,1147,1797,2146,{#000P1696T1500!#001P1147T1500!#002P1797T1500!#003P2146T1500!}
-80.0,160.0,60.0,1,0,-75,1696,1276,1850,2147,{#000P1696T1500!#001P1276T1500!#002P1850T1500!#003P2147T1500!}
-80.0,160.0,100.0,1,0,-63,1696,1382,1864,2151,{#000P1696T1500!#001P1382T1500!#002P1864T1500!#003P2151T1500!}
-80.0,160.0,140.0,1,0,-50,1696,1459,1844,2152,{#000P1696T1500!#001P1459T1500!#002P1844T1500!#003P2152T1500!}
-80.0,160.0,180.0,1,0,-37,1696,1501,1791,2151,{#000P1696T1500!#001P1501T1500!#002P1791T1500!#003P2151T1500!}
-80.0,160.0,220.0,1,0,-24,1696,1513,1716,2141,{#000P1696T1500!#001P1513T1500!#002P1716T1500!#003P2141T1500!}
-80.0,160.0,260.0,1,0,-11,1696,1489,1608,2129,{#000P1696T1500!#001P1489T1500!#002P1608T1500!#003P2129T1500!}
-80.0,160.0,300.0,0,8,,,,,,
-80.0,160.0,340.0,0,8,,,,,,
-80.0,160.0,380.0,0,8,,,,,,
-80.0,160.0,420.0,0,8,,,,,,
-80.0,200.0,20.0,1,0,-76,1661,1044,1612,2161,{#000P1661T1500!#001P1044T1500!#002P1612T1500!#003P2161T1500!}
-80.0,200.0,60.0,1,0,-68,1661,1165,1685,2150,{#000P1661T1500!#001P1165T1500!#002P1685T1500!#003P2150T1500!}
-80.0,200.0,100.0,1,0,-58,1661,1259,1709,2145,{#000P1661T1500!#001P1259T1500!#002P1709T1500!#003P2145T1500!}
-80.0,200.0,140.0,1,0,-47,1661,1319,1683,2151,{#000P1661T1500!#001P1319T1500!#002P1683T1500!#003P2151T1500!}
-80.0,200.0,180.0,1,0,-35,1661,1355,1632,2148,{#000P1661T1500!#001P1355T1500!#002P1632T1500!#003P2148T1500!}
-80.0,200.0,220.0,1,0,-22,1661,1377,1588,2118,{#000P1661T1500!#001P1377T1500!#002P1588T1500!#003P2118T1500!}
-80.0,200.0,260.0,1,0,-8,1661,1403,1593,2035,{#000P1661T1500!#001P1403T1500!#002P1593T1500!#003P2035T1500!}
-80.0,200.0,300.0,0,8,,,,,,
-80.0,200.0,340.0,0,8,,,,,,
-80.0,200.0,380.0,0,8,,,,,,
-80.0,200.0,420.0,0,8,,,,,,
-80.0,240.0,20.0,1,0,-63,1636,1010,1601,2042,{#000P1636T1500!#001P1010T1500!#002P1601T1500!#003P2042T1500!}
-80.0,240.0,60.0,1,0,-57,1636,1096,1620,2064,{#000P1636T1500!#001P1096T1500!#002P1620T1500!#003P2064T1500!}
-80.0,240.0,100.0,1,0,-49,1636,1165,1615,2079,{#000P1636T1500!#001P1165T1500!#002P1615T1500!#003P2079T1500!}
-80.0,240.0,140.0,1,0,-39,1636,1230,1622,2063,{#000P1636T1500!#001P1230T1500!#002P1622T1500!#003P2063T1500!}
-80.0,240.0,180.0,1,0,-28,1636,1265,1591,2048,{#000P1636T1500!#001P1265T1500!#002P1591T1500!#003P2048T1500!}
-80.0,240.0,220.0,1,0,-15,1636,1319,1636,1960,{#000P1636T1500!#001P1319T1500!#002P1636T1500!#003P1960T1500!}
-80.0,240.0,260.0,1,0,-2,1636,1305,1572,1914,{#000P1636T1500!#001P1305T1500!#002P1572T1500!#003P1914T1500!}
-80.0,240.0,300.0,0,8,,,,,,
-80.0,240.0,340.0,0,8,,,,,,
-80.0,240.0,380.0,0,8,,,,,,
-80.0,240.0,420.0,0,8,,,,,,
-80.0,280.0,20.0,1,0,-48,1618,971,1629,1863,{#000P1618T1500!#001P0971T1500!#002P1629T1500!#003P1863T1500!}
-80.0,280.0,60.0,1,0,-44,1618,1025,1585,1932,{#000P1618T1500!#001P1025T1500!#002P1585T1500!#003P1932T1500!}
-80.0,280.0,100.0,1,0,-37,1618,1095,1600,1934,{#000P1618T1500!#001P1095T1500!#002P1600T1500!#003P1934T1500!}
-80.0,280.0,140.0,1,0,-28,1618,1154,1617,1910,{#000P1618T1500!#001P1154T1500!#002P1617T1500!#003P1910T1500!}
-80.0,280.0,180.0,1,0,-18,1618,1171,1564,1906,{#000P1618T1500!#001P1171T1500!#002P1564T1500!#003P1906T1500!}
-80.0,280.0,220.0,1,0,-5,1618,1215,1618,1800,{#000P1618T1500!#001P1215T1500!#002P1618T1500!#003P1800T1500!}
-80.0,280.0,260.0,0,8,,,,,,
-80.0,280.0,300.0,0,8,,,,,,
-80.0,280.0,340.0,0,8,,,,,,
-80.0,280.0,380.0,0,8,,,,,,
-80.0,280.0,420.0,0,8,,,,,,
-80.0,320.0,20.0,1,0,-27,1603,851,1587,1631,{#000P1603T1500!#001P0851T1500!#002P1587T1500!#003P1631T1500!}
-80.0,320.0,60.0,1,0,-26,1603,920,1556,1723,{#000P1603T1500!#001P0920T1500!#002P1556T1500!#003P1723T1500!}
-80.0,320.0,100.0,1,0,-20,1603,997,1599,1712,{#000P1603T1500!#001P0997T1500!#002P1599T1500!#003P1712T1500!}
-80.0,320.0,140.0,1,0,-12,1603,1029,1571,1713,{#000P1603T1500!#001P1029T1500!#002P1571T1500!#003P1713T1500!}
-80.0,320.0,180.0,1,0,0,1603,1048,1573,1642,{#000P1603T1500!#001P1048T1500!#002P1573T1500!#003P1642T1500!}
-80.0,320.0,220.0,0,8,,,,,,
-80.0,320.0,260.0,0,8,,,,,,
-80.0,320.0,300.0,0,8,,,,,,
-80.0,320.0,340.0,0,8,,,,,,
-80.0,320.0,380.0,0,8,,,,,,
-80.0,320.0,420.0,0,8,,,,,,
-80.0,360.0,20.0,0,8,,,,,,
-80.0,360.0,60.0,0,8,,,,,,
-80.0,360.0,100.0,0,8,,,,,,
-80.0,360.0,140.0,0,8,,,,,,
-80.0,360.0,180.0,0,8,,,,,,
-80.0,360.0,220.0,0,8,,,,,,
-80.0,360.0,260.0,0,8,,,,,,
-80.0,360.0,300.0,0,8,,,,,,
-80.0,360.0,340.0,0,8,,,,,,
-80.0,360.0,380.0,0,8,,,,,,
-80.0,360.0,420.0,0,8,,,,,,
-80.0,400.0,20.0,0,8,,,,,,
-80.0,400.0,60.0,0,8,,,,,,
-80.0,400.0,100.0,0,8,,,,,,
-80.0,400.0,140.0,0,8,,,,,,
-80.0,400.0,180.0,0,8,,,,,,
-80.0,400.0,220.0,0,8,,,,,,
-80.0,400.0,260.0,0,8,,,,,,
-80.0,400.0,300.0,0,8,,,,,,
-80.0,400.0,340.0,0,8,,,,,,
-80.0,400.0,380.0,0,8,,,,,,
-80.0,400.0,420.0,0,8,,,,,,
-40.0,80.0,20.0,1,0,-106,1696,1300,2086,2165,{#000P1696T1500!#001P1300T1500!#002P2086T1500!#003P2165T1500!}
-40.0,80.0,60.0,1,0,-83,1696,1568,2185,2164,{#000P1696T1500!#001P1568T1500!#002P2185T1500!#003P2164T1500!}
-40.0,80.0,100.0,1,0,-55,1696,1819,2227,2165,{#000P1696T1500!#001P1819T1500!#002P2227T1500!#003P2165T1500!}
-40.0,80.0,140.0,1,0,-35,1696,1923,2183,2165,{#000P1696T1500!#001P1923T1500!#002P2183T1500!#003P2165T1500!}
-40.0,80.0,180.0,1,0,-22,1696,1923,2091,2161,{#000P1696T1500!#001P1923T1500!#002P2091T1500!#003P2161T1500!}
-40.0,80.0,220.0,1,0,-12,1696,1876,1969,2162,{#000P1696T1500!#001P1876T1500!#002P1969T1500!#003P2162T1500!}
-40.0,80.0,260.0,1,0,-2,1696,1813,1839,2155,{#000P1696T1500!#001P1813T1500!#002P1839T1500!#003P2155T1500!}
-40.0,80.0,300.0,0,8,,,,,,
-40.0,80.0,340.0,0,8,,,,,,
-40.0,80.0,380.0,0,8,,,,,,
-40.0,80.0,420.0,0,8,,,,,,
-40.0,120.0,20.0,1,0,-97,1636,1249,1981,2153,{#000P1636T1500!#001P1249T1500!#002P1981T1500!#003P2153T1500!}
-40.0,120.0,60.0,1,0,-82,1636,1428,2047,2155,{#000P1636T1500!#001P1428T1500!#002P2047T1500!#003P2155T1500!}
-40.0,120.0,100.0,1,0,-65,1636,1576,2057,2166,{#000P1636T1500!#001P1576T1500!#002P2057T1500!#003P2166T1500!}
-40.0,120.0,140.0,1,0,-47,1636,1687,2046,2156,{#000P1636T1500!#001P1687T1500!#002P2046T1500!#003P2156T1500!}
-40.0,120.0,180.0,1,0,-33,1636,1720,1969,2162,{#000P1636T1500!#001P1720T1500!#002P1969T1500!#003P2162T1500!}
-40.0,120.0,220.0,1,0,-20,1636,1719,1880,2153,{#000P1636T1500!#001P1719T1500!#002P1880T1500!#003P2153T1500!}
-40.0,120.0,260.0,1,0,-8,1636,1684,1767,2142,{#000P1636T1500!#001P1684T1500!#002P1767T1500!#003P2142T1500!}
-40.0,120.0,300.0,0,8,,,,,,
-40.0,120.0,340.0,0,8,,,,,,
-40.0,120.0,380.0,0,8,,,,,,
-40.0,120.0,420.0,0,8,,,,,,
-40.0,160.0,20.0,1,0,-89,1603,1166,1830,2162,{#000P1603T1500!#001P1166T1500!#002P1830T1500!#003P2162T1500!}
-40.0,160.0,60.0,1,0,-78,1603,1305,1887,2162,{#000P1603T1500!#001P1305T1500!#002P1887T1500!#003P2162T1500!}
-40.0,160.0,100.0,1,0,-64,1603,1432,1922,2150,{#000P1603T1500!#001P1432T1500!#002P1922T1500!#003P2150T1500!}
-40.0,160.0,140.0,1,0,-50,1603,1517,1904,2149,{#000P1603T1500!#001P1517T1500!#002P1904T1500!#003P2149T1500!}
-40.0,160.0,180.0,1,0,-37,1603,1553,1837,2157,{#000P1603T1500!#001P1553T1500!#002P1837T1500!#003P2157T1500!}
-40.0,160.0,220.0,1,0,-24,1603,1561,1753,2152,{#000P1603T1500!#001P1561T1500!#002P1753T1500!#003P2152T1500!}
-40.0,160.0,260.0,1,0,-11,1603,1539,1650,2137,{#000P1603T1500!#001P1539T1500!#002P1650T1500!#003P2137T1500!}
-40.0,160.0,300.0,0,8,,,,,,
-40.0,160.0,340.0,0,8,,,,,,
-40.0,160.0,380.0,0,8,,,,,,
-40.0,160.0,420.0,0,8,,,,,,
-40.0,200.0,20.0,1,0,-79,1583,1081,1679,2153,{#000P1583T1500!#001P1081T1500!#002P1679T1500!#003P2153T1500!}
-40.0,200.0,60.0,1,0,-71,1583,1188,1715,2165,{#000P1583T1500!#001P1188T1500!#002P1715T1500!#003P2165T1500!}
-40.0,200.0,100.0,1,0,-60,1583,1295,1755,2151,{#000P1583T1500!#001P1295T1500!#002P1755T1500!#003P2151T1500!}
-40.0,200.0,140.0,1,0,-48,1583,1370,1750,2142,{#000P1583T1500!#001P1370T1500!#002P1750T1500!#003P2142T1500!}
-40.0,200.0,180.0,1,0,-36,1583,1403,1688,2147,{#000P1583T1500!#001P1403T1500!#002P1688T1500!#003P2147T1500!}
-40.0,200.0,220.0,1,0,-23,1583,1421,1632,2126,{#000P1583T1500!#001P1421T1500!#002P1632T1500!#003P2126T1500!}
-40.0,200.0,260.0,1,0,-9,1583,1439,1618,2054,{#000P1583T1500!#001P1439T1500!#002P1618T1500!#003P2054T1500!}
-40.0,200.0,300.0,0,8,,,,,,
-40.0,200.0,340.0,0,8,,,,,,
-40.0,200.0,380.0,0,8,,,,,,
-40.0,200.0,420.0,0,8,,,,,,
-40.0,240.0,20.0,1,0,-66,1570,1035,1637,2053,{#000P1570T1500!#001P1035T1500!#002P1637T1500!#003P2053T1500!}
-40.0,240.0,60.0,1,0,-60,1570,1112,1631,2092,{#000P1570T1500!#001P1112T1500!#002P1631T1500!#003P2092T1500!}
-40.0,240.0,100.0,1,0,-52,1570,1169,1595,2126,{#000P1570T1500!#001P1169T1500!#002P1595T1500!#003P2126T1500!}
-40.0,240.0,140.0,1,0,-42,1570,1217,1559,2136,{#000P1570T1500!#001P1217T1500!#002P1559T1500!#003P2136T1500!}
-40.0,240.0,180.0,1,0,-30,1570,1290,1603,2075,{#000P1570T1500!#001P1290T1500!#002P1603T1500!#003P2075T1500!}
-40.0,240.0,220.0,1,0,-17,1570,1338,1631,1999,{#000P1570T1500!#001P1338T1500!#002P1631T1500!#003P1999T1500!}
-40.0,240.0,260.0,1,0,-4,1570,1325,1563,1958,{#000P1570T1500!#001P1325T1500!#002P1563T1500!#003P1958T1500!}
-40.0,240.0,300.0,0,8,,,,,,
-40.0,240.0,340.0,0,8,,,,,,
-40.0,240.0,380.0,0,8,,,,,,
-40.0,240.0,420.0,0,8,,,,,,
-40.0,280.0,20.0,1,0,-52,1560,964,1582,1934,{#000P1560T1500!#001P0964T1500!#002P1582T1500!#003P1934T1500!}
-40.0,280.0,60.0,1,0,-47,1560,1044,1598,1961,{#000P1560T1500!#001P1044T1500!#002P1598T1500!#003P1961T1500!}
-40.0,280.0,100.0,1,0,-40,1560,1104,1587,1980,{#000P1560T1500!#001P1104T1500!#002P1587T1500!#003P1980T1500!}
-40.0,280.0,140.0,1,0,-31,1560,1159,1587,1967,{#000P1560T1500!#001P1159T1500!#002P1587T1500!#003P1967T1500!}
-40.0,280.0,180.0,1,0,-20,1560,1214,1620,1909,{#000P1560T1500!#001P1214T1500!#002P1620T1500!#003P1909T1500!}
-40.0,280.0,220.0,1,0,-8,1560,1229,1596,1859,{#000P1560T1500!#001P1229T1500!#002P1596T1500!#003P1859T1500!}
-40.0,280.0,260.0,0,8,,,,,,
-40.0,280.0,300.0,0,8,,,,,,
-40.0,280.0,340.0,0,8,,,,,,
-40.0,280.0,380.0,0,8,,,,,,
-40.0,280.0,420.0,0,8,,,,,,
-40.0,320.0,20.0,1,0,-33,1552,869,1558,1722,{#000P1552T1500!#001P0869T1500!#002P1558T1500!#003P1722T1500!}
-40.0,320.0,60.0,1,0,-30,1552,957,1588,1757,{#000P1552T1500!#001P0957T1500!#002P1588T1500!#003P1757T1500!}
-40.0,320.0,100.0,1,0,-24,1552,1023,1604,1763,{#000P1552T1500!#001P1023T1500!#002P1604T1500!#003P1763T1500!}
-40.0,320.0,140.0,1,0,-16,1552,1057,1577,1765,{#000P1552T1500!#001P1057T1500!#002P1577T1500!#003P1765T1500!}
-40.0,320.0,180.0,1,0,-5,1552,1080,1570,1714,{#000P1552T1500!#001P1080T1500!#002P1570T1500!#003P1714T1500!}
-40.0,320.0,220.0,0,8,,,,,,
-40.0,320.0,260.0,0,8,,,,,,
-40.0,320.0,300.0,0,8,,,,,,
-40.0,320.0,340.0,0,8,,,,,,
-40.0,320.0,380.0,0,8,,,,,,
-40.0,320.0,420.0,0,8,,,,,,
-40.0,360.0,20.0,0,8,,,,,,
-40.0,360.0,60.0,0,8,,,,,,
-40.0,360.0,100.0,0,8,,,,,,
-40.0,360.0,140.0,0,8,,,,,,
-40.0,360.0,180.0,0,8,,,,,,
-40.0,360.0,220.0,0,8,,,,,,
-40.0,360.0,260.0,0,8,,,,,,
-40.0,360.0,300.0,0,8,,,,,,
-40.0,360.0,340.0,0,8,,,,,,
-40.0,360.0,380.0,0,8,,,,,,
-40.0,360.0,420.0,0,8,,,,,,
-40.0,400.0,20.0,0,8,,,,,,
-40.0,400.0,60.0,0,8,,,,,,
-40.0,400.0,100.0,0,8,,,,,,
-40.0,400.0,140.0,0,8,,,,,,
-40.0,400.0,180.0,0,8,,,,,,
-40.0,400.0,220.0,0,8,,,,,,
-40.0,400.0,260.0,0,8,,,,,,
-40.0,400.0,300.0,0,8,,,,,,
-40.0,400.0,340.0,0,8,,,,,,
-40.0,400.0,380.0,0,8,,,,,,
-40.0,400.0,420.0,0,8,,,,,,
0.0,80.0,20.0,1,0,-108,1500,1314,2117,2163,{#000P1500T1500!#001P1314T1500!#002P2117T1500!#003P2163T1500!}
0.0,80.0,60.0,1,0,-81,1500,1628,2232,2162,{#000P1500T1500!#001P1628T1500!#002P2232T1500!#003P2162T1500!}
0.0,80.0,100.0,1,0,-47,1500,1939,2289,2165,{#000P1500T1500!#001P1939T1500!#002P2289T1500!#003P2165T1500!}
0.0,80.0,140.0,1,0,-28,1500,2020,2231,2162,{#000P1500T1500!#001P2020T1500!#002P2231T1500!#003P2162T1500!}
0.0,80.0,180.0,1,0,-18,1500,1981,2117,2163,{#000P1500T1500!#001P1981T1500!#002P2117T1500!#003P2163T1500!}
0.0,80.0,220.0,1,0,-9,1500,1920,1992,2161,{#000P1500T1500!#001P1920T1500!#002P1992T1500!#003P2161T1500!}
0.0,80.0,260.0,1,0,0,1500,1845,1852,2159,{#000P1500T1500!#001P1845T1500!#002P1852T1500!#003P2159T1500!}
0.0,80.0,300.0,0,8,,,,,,
0.0,80.0,340.0,0,8,,,,,,
0.0,80.0,380.0,0,8,,,,,,
0.0,80.0,420.0,0,8,,,,,,
0.0,120.0,20.0,1,0,-99,1500,1254,1992,2161,{#000P1500T1500!#001P1254T1500!#002P1992T1500!#003P2161T1500!}
0.0,120.0,60.0,1,0,-83,1500,1444,2064,2161,{#000P1500T1500!#001P1444T1500!#002P2064T1500!#003P2161T1500!}
0.0,120.0,100.0,1,0,-64,1500,1611,2089,2163,{#000P1500T1500!#001P1611T1500!#002P2089T1500!#003P2163T1500!}
0.0,120.0,140.0,1,0,-46,1500,1719,2066,2160,{#000P1500T1500!#001P1719T1500!#002P2066T1500!#003P2160T1500!}
0.0,120.0,180.0,1,0,-31,1500,1760,2003,2153,{#000P1500T1500!#001P1760T1500!#002P2003T1500!#003P2153T1500!}
0.0,120.0,220.0,1,0,-19,1500,1744,1896,2156,{#000P1500T1500!#001P1744T1500!#002P1896T1500!#003P2156T1500!}
0.0,120.0,260.0,1,0,-8,1500,1691,1751,2165,{#000P1500T1500!#001P1691T1500!#002P1751T1500!#003P2165T1500!}
0.0,120.0,300.0,0,8,,,,,,
0.0,120.0,340.0,0,8,,,,,,
0.0,120.0,380.0,0,8,,,,,,
0.0,120.0,420.0,0,8,,,,,,
0.0,160.0,20.0,1,0,-90,1500,1179,1852,2159,{#000P1500T1500!#001P1179T1500!#002P1852T1500!#003P2159T1500!}
0.0,160.0,60.0,1,0,-78,1500,1329,1923,2150,{#000P1500T1500!#001P1329T1500!#002P1923T1500!#003P2150T1500!}
0.0,160.0,100.0,1,0,-65,1500,1441,1926,2162,{#000P1500T1500!#001P1441T1500!#002P1926T1500!#003P2162T1500!}
0.0,160.0,140.0,1,0,-50,1500,1536,1922,2151,{#000P1500T1500!#001P1536T1500!#002P1922T1500!#003P2151T1500!}
0.0,160.0,180.0,1,0,-37,1500,1570,1849,2162,{#000P1500T1500!#001P1570T1500!#002P1849T1500!#003P2162T1500!}
0.0,160.0,220.0,1,0,-24,1500,1576,1761,2159,{#000P1500T1500!#001P1576T1500!#002P1761T1500!#003P2159T1500!}
0.0,160.0,260.0,1,0,-11,1500,1553,1656,2145,{#000P1500T1500!#001P1553T1500!#002P1656T1500!#003P2145T1500!}
0.0,160.0,300.0,0,8,,,,,,
0.0,160.0,340.0,0,8,,,,,,
0.0,160.0,380.0,0,8,,,,,,
0.0,160.0,420.0,0,8,,,,,,
0.0,200.0,20.0,1,0,-80,1500,1092,1699,2152,{#000P1500T1500!#001P1092T1500!#002P1699T1500!#003P2152T1500!}
0.0,200.0,60.0,1,0,-71,1500,1217,1766,2143,{#000P1500T1500!#001P1217T1500!#002P1766T1500!#003P2143T1500!}
0.0,200.0,100.0,1,0,-61,1500,1300,1756,2162,{#000P1500T1500!#001P1300T1500!#002P1756T1500!#003P2162T1500!}
0.0,200.0,140.0,1,0,-49,1500,1372,1742,2159,{#000P1500T1500!#001P1372T1500!#002P1742T1500!#003P2159T1500!}
0.0,200.0,180.0,1,0,-36,1500,1425,1718,2139,{#000P1500T1500!#001P1425T1500!#002P1718T1500!#003P2139T1500!}
0.0,200.0,220.0,1,0,-23,1500,1444,1663,2117,{#000P1500T1500!#001P1444T1500!#002P1663T1500!#003P2117T1500!}
0.0,200.0,260.0,1,0,-10,1500,1411,1536,2115,{#000P1500T1500!#001P1411T1500!#002P1536T1500!#003P2115T1500!}
0.0,200.0,300.0,0,8,,,,,,
0.0,200.0,340.0,0,8,,,,,,
0.0,200.0,380.0,0,8,,,,,,
0.0,200.0,420.0,0,8,,,,,,
0.0,240.0,20.0,1,0,-68,1500,995,1541,2124,{#000P1500T1500!#001P0995T1500!#002P1541T1500!#003P2124T1500!}
0.0,240.0,60.0,1,0,-61,1500,1118,1635,2100,{#000P1500T1500!#001P1118T1500!#002P1635T1500!#003P2100T1500!}
0.0,240.0,100.0,1,0,-53,1500,1171,1588,2141,{#000P1500T1500!#001P1171T1500!#002P1588T1500!#003P2141T1500!}
0.0,240.0,140.0,1,0,-42,1500,1260,1641,2097,{#000P1500T1500!#001P1260T1500!#002P1641T1500!#003P2097T1500!}
0.0,240.0,180.0,1,0,-31,1500,1279,1566,2109,{#000P1500T1500!#001P1279T1500!#002P1566T1500!#003P2109T1500!}
0.0,240.0,220.0,1,0,-18,1500,1330,1597,2032,{#000P1500T1500!#001P1330T1500!#002P1597T1500!#003P2032T1500!}
0.0,240.0,260.0,1,0,-4,1500,1359,1623,1932,{#000P1500T1500!#001P1359T1500!#002P1623T1500!#003P1932T1500!}
0.0,240.0,300.0,0,8,,,,,,
0.0,240.0,340.0,0,8,,,,,,
0.0,240.0,380.0,0,8,,,,,,
0.0,240.0,420.0,0,8,,,,,,
0.0,280.0,20.0,1,0,-53,1500,974,1595,1938,{#000P1500T1500!#001P0974T1500!#002P1595T1500!#003P1938T1500!}
0.0,280.0,60.0,1,0,-48,1500,1050,1600,1971,{#000P1500T1500!#001P1050T1500!#002P1600T1500!#003P1971T1500!}
0.0,280.0,100.0,1,0,-41,1500,1106,1580,1996,{#000P1500T1500!#001P1106T1500!#002P1580T1500!#003P1996T1500!}
0.0,280.0,140.0,1,0,-32,1500,1158,1571,1990,{#000P1500T1500!#001P1158T1500!#002P1571T1500!#003P1990T1500!}
0.0,280.0,180.0,1,0,-21,1500,1215,1605,1931,{#000P1500T1500!#001P1215T1500!#002P1605T1500!#003P1931T1500!}
0.0,280.0,220.0,1,0,-9,1500,1230,1581,1882,{#000P1500T1500!#001P1230T1500!#002P1581T1500!#003P1882T1500!}
0.0,280.0,260.0,0,8,,,,,,
0.0,280.0,300.0,0,8,,,,,,
0.0,280.0,340.0,0,8,,,,,,
0.0,280.0,380.0,0,8,,,,,,
0.0,280.0,420.0,0,8,,,,,,
0.0,320.0,20.0,1,0,-34,1500,894,1602,1711,{#000P1500T1500!#001P0894T1500!#002P1602T1500!#003P1711T1500!}
0.0,320.0,60.0,1,0,-31,1500,973,1612,1757,{#000P1500T1500!#001P0973T1500!#002P1612T1500!#003P1757T1500!}
0.0,320.0,100.0,1,0,-25,1500,1036,1619,1768,{#000P1500T1500!#001P1036T1500!#002P1619T1500!#003P1768T1500!}
0.0,320.0,140.0,1,0,-17,1500,1072,1595,1769,{#000P1500T1500!#001P1072T1500!#002P1595T1500!#003P1769T1500!}
0.0,320.0,180.0,1,0,-6,1500,1100,1597,1714,{#000P1500T1500!#001P1100T1500!#002P1597T1500!#003P1714T1500!}
0.0,320.0,220.0,0,8,,,,,,
0.0,320.0,260.0,0,8,,,,,,
0.0,320.0,300.0,0,8,,,,,,
0.0,320.0,340.0,0,8,,,,,,
0.0,320.0,380.0,0,8,,,,,,
0.0,320.0,420.0,0,8,,,,,,
0.0,360.0,20.0,0,8,,,,,,
0.0,360.0,60.0,0,8,,,,,,
0.0,360.0,100.0,0,8,,,,,,
0.0,360.0,140.0,0,8,,,,,,
0.0,360.0,180.0,0,8,,,,,,
0.0,360.0,220.0,0,8,,,,,,
0.0,360.0,260.0,0,8,,,,,,
0.0,360.0,300.0,0,8,,,,,,
0.0,360.0,340.0,0,8,,,,,,
0.0,360.0,380.0,0,8,,,,,,
0.0,360.0,420.0,0,8,,,,,,
0.0,400.0,20.0,0,8,,,,,,
0.0,400.0,60.0,0,8,,,,,,
0.0,400.0,100.0,0,8,,,,,,
0.0,400.0,140.0,0,8,,,,,,
0.0,400.0,180.0,0,8,,,,,,
0.0,400.0,220.0,0,8,,,,,,
0.0,400.0,260.0,0,8,,,,,,
0.0,400.0,300.0,0,8,,,,,,
0.0,400.0,340.0,0,8,,,,,,
0.0,400.0,380.0,0,8,,,,,,
0.0,400.0,420.0,0,8,,,,,,
40.0,80.0,20.0,1,0,-106,1303,1300,2086,2165,{#000P1303T1500!#001P1300T1500!#002P2086T1500!#003P2165T1500!}
40.0,80.0,60.0,1,0,-83,1303,1568,2185,2164,{#000P1303T1500!#001P1568T1500!#002P2185T1500!#003P2164T1500!}
40.0,80.0,100.0,1,0,-55,1303,1819,2227,2165,{#000P1303T1500!#001P1819T1500!#002P2227T1500!#003P2165T1500!}
40.0,80.0,140.0,1,0,-35,1303,1923,2183,2165,{#000P1303T1500!#001P1923T1500!#002P2183T1500!#003P2165T1500!}
40.0,80.0,180.0,1,0,-22,1303,1923,2091,2161,{#000P1303T1500!#001P1923T1500!#002P2091T1500!#003P2161T1500!}
40.0,80.0,220.0,1,0,-12,1303,1876,1969,2162,{#000P1303T1500!#001P1876T1500!#002P1969T1500!#003P2162T1500!}
40.0,80.0,260.0,1,0,-2,1303,1813,1839,2155,{#000P1303T1500!#001P1813T1500!#002P1839T1500!#003P2155T1500!}
40.0,80.0,300.0,0,8,,,,,,
40.0,80.0,340.0,0,8,,,,,,
40.0,80.0,380.0,0,8,,,,,,
40.0,80.0,420.0,0,8,,,,,,
40.0,120.0,20.0,1,0,-97,1363,1249,1981,2153,{#000P1363T1500!#001P1249T1500!#002P1981T1500!#003P2153T1500!}
40.0,120.0,60.0,1,0,-82,1363,1428,2047,2155,{#000P1363T1500!#001P1428T1500!#002P2047T1500!#003P2155T1500!}
40.0,120.0,100.0,1,0,-65,1363,1576,2057,2166,{#000P1363T1500!#001P1576T1500!#002P2057T1500!#003P2166T1500!}
40.0,120.0,140.0,1,0,-47,1363,1687,2046,2156,{#000P1363T1500!#001P1687T1500!#002P2046T1500!#003P2156T1500!}
40.0,120.0,180.0,1,0,-33,1363,1720,1969,2162,{#000P1363T1500!#001P1720T1500!#002P1969T1500!#003P2162T1500!}
40.0,120.0,220.0,1,0,-20,1363,1719,1880,2153,{#000P1363T1500!#001P1719T1500!#002P1880T1500!#003P2153T1500!}
40.0,120.0,260.0,1,0,-8,1363,1684,1767,2142,{#000P1363T1500!#001P1684T1500!#002P1767T1500!#003P2142T1500!}
40.0,120.0,300.0,0,8,,,,,,
40.0,120.0,340.0,0,8,,,,,,
40.0,120.0,380.0,0,8,,,,,,
40.0,120.0,420.0,0,8,,,,,,
40.0,160.0,20.0,1,0,-89,1396,1166,1830,2162,{#000P1396T1500!#001P1166T1500!#002P1830T1500!#003P2162T1500!}
40.0,160.0,60.0,1,0,-78,1396,1305,1887,2162,{#000P1396T1500!#001P1305T1500!#002P1887T1500!#003P2162T1500!}
40.0,160.0,100.0,1,0,-64,1396,1432,1922,2150,{#000P1396T1500!#001P1432T1500!#002P1922T1500!#003P2150T1500!}
40.0,160.0,140.0,1,0,-50,1396,1517,1904,2149,{#000P1396T1500!#001P1517T1500!#002P1904T1500!#003P2149T1500!}
40.0,160.0,180.0,1,0,-37,1396,1553,1837,2157,{#000P1396T1500!#001P1553T1500!#002P1837T1500!#003P2157T1500!}
40.0,160.0,220.0,1,0,-24,1396,1561,1753,2152,{#000P1396T1500!#001P1561T1500!#002P1753T1500!#003P2152T1500!}
40.0,160.0,260.0,1,0,-11,1396,1539,1650,2137,{#000P1396T1500!#001P1539T1500!#002P1650T1500!#003P2137T1500!}
40.0,160.0,300.0,0,8,,,,,,
40.0,160.0,340.0,0,8,,,,,,
40.0,160.0,380.0,0,8,,,,,,
40.0,160.0,420.0,0,8,,,,,,
40.0,200.0,20.0,1,0,-79,1416,1081,1679,2153,{#000P1416T1500!#001P1081T1500!#002P1679T1500!#003P2153T1500!}
40.0,200.0,60.0,1,0,-71,1416,1188,1715,2165,{#000P1416T1500!#001P1188T1500!#002P1715T1500!#003P2165T1500!}
40.0,200.0,100.0,1,0,-60,1416,1295,1755,2151,{#000P1416T1500!#001P1295T1500!#002P1755T1500!#003P2151T1500!}
40.0,200.0,140.0,1,0,-48,1416,1370,1750,2142,{#000P1416T1500!#001P1370T1500!#002P1750T1500!#003P2142T1500!}
40.0,200.0,180.0,1,0,-36,1416,1403,1688,2147,{#000P1416T1500!#001P1403T1500!#002P1688T1500!#003P2147T1500!}
40.0,200.0,220.0,1,0,-23,1416,1421,1632,2126,{#000P1416T1500!#001P1421T1500!#002P1632T1500!#003P2126T1500!}
40.0,200.0,260.0,1,0,-9,1416,1439,1618,2054,{#000P1416T1500!#001P1439T1500!#002P1618T1500!#003P2054T1500!}
40.0,200.0,300.0,0,8,,,,,,
40.0,200.0,340.0,0,8,,,,,,
40.0,200.0,380.0,0,8,,,,,,
40.0,200.0,420.0,0,8,,,,,,
40.0,240.0,20.0,1,0,-66,1429,1035,1637,2053,{#000P1429T1500!#001P1035T1500!#002P1637T1500!#003P2053T1500!}
40.0,240.0,60.0,1,0,-60,1429,1112,1631,2092,{#000P1429T1500!#001P1112T1500!#002P1631T1500!#003P2092T1500!}
40.0,240.0,100.0,1,0,-52,1429,1169,1595,2126,{#000P1429T1500!#001P1169T1500!#002P1595T1500!#003P2126T1500!}
40.0,240.0,140.0,1,0,-42,1429,1217,1559,2136,{#000P1429T1500!#001P1217T1500!#002P1559T1500!#003P2136T1500!}
40.0,240.0,180.0,1,0,-30,1429,1290,1603,2075,{#000P1429T1500!#001P1290T1500!#002P1603T1500!#003P2075T1500!}
40.0,240.0,220.0,1,0,-17,1429,1338,1631,1999,{#000P1429T1500!#001P1338T1500!#002P1631T1500!#003P1999T1500!}
40.0,240.0,260.0,1,0,-4,1429,1325,1563,1958,{#000P1429T1500!#001P1325T1500!#002P1563T1500!#003P1958T1500!}
40.0,240.0,300.0,0,8,,,,,,
40.0,240.0,340.0,0,8,,,,,,
40.0,240.0,380.0,0,8,,,,,,
40.0,240.0,420.0,0,8,,,,,,
40.0,280.0,20.0,1,0,-52,1439,964,1582,1934,{#000P1439T1500!#001P0964T1500!#002P1582T1500!#003P1934T1500!}
40.0,280.0,60.0,1,0,-47,1439,1044,1598,1961,{#000P1439T1500!#001P1044T1500!#002P1598T1500!#003P1961T1500!}
40.0,280.0,100.0,1,0,-40,1439,1104,1587,1980,{#000P1439T1500!#001P1104T1500!#002P1587T1500!#003P1980T1500!}
40.0,280.0,140.0,1,0,-31,1439,1159,1587,1967,{#000P1439T1500!#001P1159T1500!#002P1587T1500!#003P1967T1500!}
40.0,280.0,180.0,1,0,-20,1439,1214,1620,1909,{#000P1439T1500!#001P1214T1500!#002P1620T1500!#003P1909T1500!}
40.0,280.0,220.0,1,0,-8,1439,1229,1596,1859,{#000P1439T1500!#001P1229T1500!#002P1596T1500!#003P1859T1500!}
40.0,280.0,260.0,0,8,,,,,,
40.0,280.0,300.0,0,8,,,,,,
40.0,280.0,340.0,0,8,,,,,,
40.0,280.0,380.0,0,8,,,,,,
40.0,280.0,420.0,0,8,,,,,,
40.0,320.0,20.0,1,0,-33,1447,869,1558,1722,{#000P1447T1500!#001P0869T1500!#002P1558T1500!#003P1722T1500!}
40.0,320.0,60.0,1,0,-30,1447,957,1588,1757,{#000P1447T1500!#001P0957T1500!#002P1588T1500!#003P1757T1500!}
40.0,320.0,100.0,1,0,-24,1447,1023,1604,1763,{#000P1447T1500!#001P1023T1500!#002P1604T1500!#003P1763T1500!}
40.0,320.0,140.0,1,0,-16,1447,1057,1577,1765,{#000P1447T1500!#001P1057T1500!#002P1577T1500!#003P1765T1500!}
40.0,320.0,180.0,1,0,-5,1447,1080,1570,1714,{#000P1447T1500!#001P1080T1500!#002P1570T1500!#003P1714T1500!}
40.0,320.0,220.0,0,8,,,,,,
40.0,320.0,260.0,0,8,,,,,,
40.0,320.0,300.0,0,8,,,,,,
40.0,320.0,340.0,0,8,,,,,,
40.0,320.0,380.0,0,8,,,,,,
40.0,320.0,420.0,0,8,,,,,,
40.0,360.0,20.0,0,8,,,,,,
40.0,360.0,60.0,0,8,,,,,,
40.0,360.0,100.0,0,8,,,,,,
40.0,360.0,140.0,0,8,,,,,,
40.0,360.0,180.0,0,8,,,,,,
40.0,360.0,220.0,0,8,,,,,,
40.0,360.0,260.0,0,8,,,,,,
40.0,360.0,300.0,0,8,,,,,,
40.0,360.0,340.0,0,8,,,,,,
40.0,360.0,380.0,0,8,,,,,,
40.0,360.0,420.0,0,8,,,,,,
40.0,400.0,20.0,0,8,,,,,,
40.0,400.0,60.0,0,8,,,,,,
40.0,400.0,100.0,0,8,,,,,,
40.0,400.0,140.0,0,8,,,,,,
40.0,400.0,180.0,0,8,,,,,,
40.0,400.0,220.0,0,8,,,,,,
40.0,400.0,260.0,0,8,,,,,,
40.0,400.0,300.0,0,8,,,,,,
40.0,400.0,340.0,0,8,,,,,,
40.0,400.0,380.0,0,8,,,,,,
40.0,400.0,420.0,0,8,,,,,,
80.0,80.0,20.0,1,0,-100,1166,1271,2023,2155,{#000P1166T1500!#001P1271T1500!#002P2023T1500!#003P2155T1500!}
80.0,80.0,60.0,1,0,-83,1166,1472,2095,2158,{#000P1166T1500!#001P1472T1500!#002P2095T1500!#003P2158T1500!}
80.0,80.0,100.0,1,0,-63,1166,1648,2117,2163,{#000P1166T1500!#001P1648T1500!#002P2117T1500!#003P2163T1500!}
80.0,80.0,140.0,1,0,-44,1166,1761,2096,2158,{#000P1166T1500!#001P1761T1500!#002P2096T1500!#003P2158T1500!}
80.0,80.0,180.0,1,0,-30,1166,1787,2014,2162,{#000P1166T1500!#001P1787T1500!#002P2014T1500!#003P2162T1500!}
80.0,80.0,220.0,1,0,-18,1166,1769,1907,2162,{#000P1166T1500!#001P1769T1500!#002P1907T1500!#003P2162T1500!}
80.0,80.0,260.0,1,0,-6,1166,1734,1803,2142,{#000P1166T1500!#001P1734T1500!#002P1803T1500!#003P2142T1500!}
80.0,80.0,300.0,0,8,,,,,,
80.0,80.0,340.0,0,8,,,,,,
80.0,80.0,380.0,0,8,,,,,,
80.0,80.0,420.0,0,8,,,,,,
80.0,120.0,20.0,1,0,-93,1250,1218,1923,2150,{#000P1250T1500!#001P1218T1500!#002P1923T1500!#003P2150T1500!}
80.0,120.0,60.0,1,0,-81,1250,1364,1966,2164,{#000P1250T1500!#001P1364T1500!#002P1966T1500!#003P2164T1500!}
80.0,120.0,100.0,1,0,-65,1250,1507,1997,2157,{#000P1250T1500!#001P1507T1500!#002P1997T1500!#003P2157T1500!}
80.0,120.0,140.0,1,0,-50,1250,1593,1965,2164,{#000P1250T1500!#001P1593T1500!#002P1965T1500!#003P2164T1500!}
80.0,120.0,180.0,1,0,-35,1250,1647,1922,2151,{#000P1250T1500!#001P1647T1500!#002P1922T1500!#003P2151T1500!}
80.0,120.0,220.0,1,0,-23,1250,1635,1807,2165,{#000P1250T1500!#001P1635T1500!#002P1807T1500!#003P2165T1500!}
80.0,120.0,260.0,1,0,-10,1250,1615,1711,2144,{#000P1250T1500!#001P1615T1500!#002P1711T1500!#003P2144T1500!}
80.0,120.0,300.0,0,8,,,,,,
80.0,120.0,340.0,0,8,,,,,,
80.0,120.0,380.0,0,8,,,,,,
80.0,120.0,420.0,0,8,,,,,,
80.0,160.0,20.0,1,0,-85,1303,1147,1797,2146,{#000P1303T1500!#001P1147T1500!#002P1797T1500!#003P2146T1500!}
80.0,160.0,60.0,1,0,-75,1303,1276,1850,2147,{#000P1303T1500!#001P1276T1500!#002P1850T1500!#003P2147T1500!}
80.0,160.0,100.0,1,0,-63,1303,1382,1864,2151,{#000P1303T1500!#001P1382T1500!#002P1864T1500!#003P2151T1500!}
80.0,160.0,140.0,1,0,-50,1303,1459,1844,2152,{#000P1303T1500!#001P1459T1500!#002P1844T1500!#003P2152T1500!}
80.0,160.0,180.0,1,0,-37,1303,1501,1791,2151,{#000P1303T1500!#001P1501T1500!#002P1791T1500!#003P2151T1500!}
80.0,160.0,220.0,1,0,-24,1303,1513,1716,2141,{#000P1303T1500!#001P1513T1500!#002P1716T1500!#003P2141T1500!}
80.0,160.0,260.0,1,0,-11,1303,1489,1608,2129,{#000P1303T1500!#001P1489T1500!#002P1608T1500!#003P2129T1500!}
80.0,160.0,300.0,0,8,,,,,,
80.0,160.0,340.0,0,8,,,,,,
80.0,160.0,380.0,0,8,,,,,,
80.0,160.0,420.0,0,8,,,,,,
80.0,200.0,20.0,1,0,-76,1338,1044,1612,2161,{#000P1338T1500!#001P1044T1500!#002P1612T1500!#003P2161T1500!}
80.0,200.0,60.0,1,0,-68,1338,1165,1685,2150,{#000P1338T1500!#001P1165T1500!#002P1685T1500!#003P2150T1500!}
80.0,200.0,100.0,1,0,-58,1338,1259,1709,2145,{#000P1338T1500!#001P1259T1500!#002P1709T1500!#003P2145T1500!}
80.0,200.0,140.0,1,0,-47,1338,1319,1683,2151,{#000P1338T1500!#001P1319T1500!#002P1683T1500!#003P2151T1500!}
80.0,200.0,180.0,1,0,-35,1338,1355,1632,2148,{#000P1338T1500!#001P1355T1500!#002P1632T1500!#003P2148T1500!}
80.0,200.0,220.0,1,0,-22,1338,1377,1588,2118,{#000P1338T1500!#001P1377T1500!#002P1588T1500!#003P2118T1500!}
80.0,200.0,260.0,1,0,-8,1338,1403,1593,2035,{#000P1338T1500!#001P1403T1500!#002P1593T1500!#003P2035T1500!}
80.0,200.0,300.0,0,8,,,,,,
80.0,200.0,340.0,0,8,,,,,,
80.0,200.0,380.0,0,8,,,,,,
80.0,200.0,420.0,0,8,,,,,,
80.0,240.0,20.0,1,0,-63,1363,1010,1601,2042,{#000P1363T1500!#001P1010T1500!#002P1601T1500!#003P2042T1500!}
80.0,240.0,60.0,1,0,-57,1363,1096,1620,2064,{#000P1363T1500!#001P1096T1500!#002P1620T1500!#003P2064T1500!}
80.0,240.0,100.0,1,0,-49,1363,1165,1615,2079,{#000P1363T1500!#001P1165T1500!#002P1615T1500!#003P2079T1500!}
80.0,240.0,140.0,1,0,-39,1363,1230,1622,2063,{#000P1363T1500!#001P1230T1500!#002P1622T1500!#003P2063T1500!}
80.0,240.0,180.0,1,0,-28,1363,1265,1591,2048,{#000P1363T1500!#001P1265T1500!#002P1591T1500!#003P2048T1500!}
80.0,240.0,220.0,1,0,-15,1363,1319,1636,1960,{#000P1363T1500!#001P1319T1500!#002P1636T1500!#003P1960T1500!}
80.0,240.0,260.0,1,0,-2,1363,1305,1572,1914,{#000P1363T1500!#001P1305T1500!#002P1572T1500!#003P1914T1500!}
80.0,240.0,300.0,0,8,,,,,,
80.0,240.0,340.0,0,8,,,,,,
80.0,240.0,380.0,0,8,,,,,,
80.0,240.0,420.0,0,8,,,,,,
80.0,280.0,20.0,1,0,-48,1381,971,1629,1863,{#000P1381T1500!#001P0971T1500!#002P1629T1500!#003P1863T1500!}
80.0,280.0,60.0,1,0,-44,1381,1025,1585,1932,{#000P1381T1500!#001P1025T1500!#002P1585T1500!#003P1932T1500!}
80.0,280.0,100.0,1,0,-37,1381,1095,1600,1934,{#000P1381T1500!#001P1095T1500!#002P1600T1500!#003P1934T1500!}
80.0,280.0,140.0,1,0,-28,1381,1154,1617,1910,{#000P1381T1500!#001P1154T1500!#002P1617T1500!#003P1910T1500!}
80.0,280.0,180.0,1,0,-18,1381,1171,1564,1906,{#000P1381T1500!#001P1171T1500!#002P1564T1500!#003P1906T1500!}
80.0,280.0,220.0,1,0,-5,1381,1215,1618,1800,{#000P1381T1500!#001P1215T1500!#002P1618T1500!#003P1800T1500!}
80.0,280.0,260.0,0,8,,,,,,
80.0,280.0,300.0,0,8,,,,,,
80.0,280.0,340.0,0,8,,,,,,
80.0,280.0,380.0,0,8,,,,,,
80.0,280.0,420.0,0,8,,,,,,
80.0,320.0,20.0,1,0,-27,1396,851,1587,1631,{#000P1396T1500!#001P0851T1500!#002P1587T1500!#003P1631T1500!}
80.0,320.0,60.0,1,0,-26,1396,920,1556,1723,{#000P1396T1500!#001P0920T1500!#002P1556T1500!#003P1723T1500!}
80.0,320.0,100.0,1,0,-20,1396,997,1599,1712,{#000P1396T1500!#001P0997T1500!#002P1599T1500!#003P1712T1500!}
80.0,320.0,140.0,1,0,-12,1396,1029,1571,1713,{#000P1396T1500!#001P1029T1500!#002P1571T1500!#003P1713T1500!}
80.0,320.0,180.0,1,0,0,1396,1048,1573,1642,{#000P1396T1500!#001P1048T1500!#002P1573T1500!#003P1642T1500!}
80.0,320.0,220.0,0,8,,,,,,
80.0,320.0,260.0,0,8,,,,,,
80.0,320.0,300.0,0,8,,,,,,
80.0,320.0,340.0,0,8,,,,,,
80.0,320.0,380.0,0,8,,,,,,
80.0,320.0,420.0,0,8,,,,,,
80.0,360.0,20.0,0,8,,,,,,
80.0,360.0,60.0,0,8,,,,,,
80.0,360.0,100.0,0,8,,,,,,
80.0,360.0,140.0,0,8,,,,,,
80.0,360.0,180.0,0,8,,,,,,
80.0,360.0,220.0,0,8,,,,,,
80.0,360.0,260.0,0,8,,,,,,
80.0,360.0,300.0,0,8,,,,,,
80.0,360.0,340.0,0,8,,,,,,
80.0,360.0,380.0,0,8,,,,,,
80.0,360.0,420.0,0,8,,,,,,
80.0,400.0,20.0,0,8,,,,,,
80.0,400.0,60.0,0,8,,,,,,
80.0,400.0,100.0,0,8,,,,,,
80.0,400.0,140.0,0,8,,,,,,
80.0,400.0,180.0,0,8,,,,,,
80.0,400.0,220.0,0,8,,,,,,
80.0,400.0,260.0,0,8,,,,,,
80.0,400.0,300.0,0,8,,,,,,
80.0,400.0,340.0,0,8,,,,,,
80.0,400.0,380.0,0,8,,,,,,
80.0,400.0,420.0,0,8,,,,,,
120.0,80.0,20.0,1,0,-93,1082,1218,1923,2150,{#000P1082T1500!#001P1218T1500!#002P1923T1500!#003P2150T1500!}
120.0,80.0,60.0,1,0,-81,1082,1364,1966,2164,{#000P1082T1500!#001P1364T1500!#002P1966T1500!#003P2164T1500!}
120.0,80.0,100.0,1,0,-65,1082,1507,1997,2157,{#000P1082T1500!#001P1507T1500!#002P1997T1500!#003P2157T1500!}
120.0,80.0,140.0,1,0,-50,1082,1593,1965,2164,{#000P1082T1500!#001P1593T1500!#002P1965T1500!#003P2164T1500!}
120.0,80.0,180.0,1,0,-35,1082,1647,1922,2151,{#000P1082T1500!#001P1647T1500!#002P1922T1500!#003P2151T1500!}
120.0,80.0,220.0,1,0,-23,1082,1635,1807,2165,{#000P1082T1500!#001P1635T1500!#002P1807T1500!#003P2165T1500!}
120.0,80.0,260.0,1,0,-10,1082,1615,1711,2144,{#000P1082T1500!#001P1615T1500!#002P1711T1500!#003P2144T1500!}
120.0,80.0,300.0,0,8,,,,,,
120.0,80.0,340.0,0,8,,,,,,
120.0,80.0,380.0,0,8,,,,,,
120.0,80.0,420.0,0,8,,,,,,
120.0,120.0,20.0,1,0,-88,1166,1154,1807,2165,{#000P1166T1500!#001P1154T1500!#002P1807T1500!#003P2165T1500!}
120.0,120.0,60.0,1,0,-77,1166,1295,1874,2157,{#000P1166T1500!#001P1295T1500!#002P1874T1500!#003P2157T1500!}
120.0,120.0,100.0,1,0,-64,1166,1411,1896,2156,{#000P1166T1500!#001P1411T1500!#002P1896T1500!#003P2156T1500!}
120.0,120.0,140.0,1,0,-50,1166,1498,1886,2149,{#000P1166T1500!#001P1498T1500!#002P1886T1500!#003P2149T1500!}
120.0,120.0,180.0,1,0,-37,1166,1536,1823,2154,{#000P1166T1500!#001P1536T1500!#002P1823T1500!#003P2154T1500!}
120.0,120.0,220.0,1,0,-24,1166,1545,1743,2147,{#000P1166T1500!#001P1545T1500!#002P1743T1500!#003P2147T1500!}
120.0,120.0,260.0,1,0,-11,1166,1524,1640,2132,{#000P1166T1500!#001P1524T1500!#002P1640T1500!#003P2132T1500!}
120.0,120.0,300.0,0,8,,,,,,
120.0,120.0,340.0,0,8,,,,,,
120.0,120.0,380.0,0,8,,,,,,
120.0,120.0,420.0,0,8,,,,,,
120.0,160.0,20.0,1,0,-80,1226,1092,1699,2152,{#000P1226T1500!#001P1092T1500!#002P1699T1500!#003P2152T1500!}
120.0,160.0,60.0,1,0,-71,1226,1217,1766,2143,{#000P1226T1500!#001P1217T1500!#002P1766T1500!#003P2143T1500!}
120.0,160.0,100.0,1,0,-61,1226,1300,1756,2162,{#000P1226T1500!#001P1300T1500!#002P1756T1500!#003P2162T1500!}
120.0,160.0,140.0,1,0,-49,1226,1372,1742,2159,{#000P1226T1500!#001P1372T1500!#002P1742T1500!#003P2159T1500!}
120.0,160.0,180.0,1,0,-36,1226,1425,1718,2139,{#000P1226T1500!#001P1425T1500!#002P1718T1500!#003P2139T1500!}
120.0,160.0,220.0,1,0,-23,1226,1444,1663,2117,{#000P1226T1500!#001P1444T1500!#002P1663T1500!#003P2117T1500!}
120.0,160.0,260.0,1,0,-10,1226,1411,1536,2115,{#000P1226T1500!#001P1411T1500!#002P1536T1500!#003P2115T1500!}
120.0,160.0,300.0,0,8,,,,,,
120.0,160.0,340.0,0,8,,,,,,
120.0,160.0,380.0,0,8,,,,,,
120.0,160.0,420.0,0,8,,,,,,
120.0,200.0,20.0,1,0,-70,1270,1024,1594,2115,{#000P1270T1500!#001P1024T1500!#002P1594T1500!#003P2115T1500!}
120.0,200.0,60.0,1,0,-63,1270,1130,1647,2116,{#000P1270T1500!#001P1130T1500!#002P1647T1500!#003P2116T1500!}
120.0,200.0,100.0,1,0,-54,1270,1213,1661,2118,{#000P1270T1500!#001P1213T1500!#002P1661T1500!#003P2118T1500!}
120.0,200.0,140.0,1,0,-44,1270,1257,1610,2139,{#000P1270T1500!#001P1257T1500!#002P1610T1500!#003P2139T1500!}
120.0,200.0,180.0,1,0,-32,1270,1311,1608,2106,{#000P1270T1500!#001P1311T1500!#002P1608T1500!#003P2106T1500!}
120.0,200.0,220.0,1,0,-19,1270,1352,1615,2045,{#000P1270T1500!#001P1352T1500!#002P1615T1500!#003P2045T1500!}
120.0,200.0,260.0,1,0,-5,1270,1380,1635,1949,{#000P1270T1500!#001P1380T1500!#002P1635T1500!#003P1949T1500!}
120.0,200.0,300.0,0,8,,,,,,
120.0,200.0,340.0,0,8,,,,,,
120.0,200.0,380.0,0,8,,,,,,
120.0,200.0,420.0,0,8,,,,,,
120.0,240.0,20.0,1,0,-57,1303,1007,1635,1961,{#000P1303T1500!#001P1007T1500!#002P1635T1500!#003P1961T1500!}
120.0,240.0,60.0,1,0,-52,1303,1071,1609,2014,{#000P1303T1500!#001P1071T1500!#002P1609T1500!#003P2014T1500!}
120.0,240.0,100.0,1,0,-45,1303,1102,1528,2074,{#000P1303T1500!#001P1102T1500!#002P1528T1500!#003P2074T1500!}
120.0,240.0,140.0,1,0,-35,1303,1198,1612,2011,{#000P1303T1500!#001P1198T1500!#002P1612T1500!#003P2011T1500!}
120.0,240.0,180.0,1,0,-24,1303,1246,1619,1971,{#000P1303T1500!#001P1246T1500!#002P1619T1500!#003P1971T1500!}
120.0,240.0,220.0,1,0,-12,1303,1265,1594,1926,{#000P1303T1500!#001P1265T1500!#002P1594T1500!#003P1926T1500!}
120.0,240.0,260.0,0,8,,,,,,
120.0,240.0,300.0,0,8,,,,,,
120.0,240.0,340.0,0,8,,,,,,
120.0,240.0,380.0,0,8,,,,,,
120.0,240.0,420.0,0,8,,,,,,
120.0,280.0,20.0,1,0,-43,1328,893,1508,1870,{#000P1328T1500!#001P0893T1500!#002P1508T1500!#003P1870T1500!}
120.0,280.0,60.0,1,0,-39,1328,970,1518,1907,{#000P1328T1500!#001P0970T1500!#002P1518T1500!#003P1907T1500!}
120.0,280.0,100.0,1,0,-32,1328,1066,1599,1870,{#000P1328T1500!#001P1066T1500!#002P1599T1500!#003P1870T1500!}
120.0,280.0,140.0,1,0,-24,1328,1087,1531,1899,{#000P1328T1500!#001P1087T1500!#002P1531T1500!#003P1899T1500!}
120.0,280.0,180.0,1,0,-13,1328,1149,1594,1817,{#000P1328T1500!#001P1149T1500!#002P1594T1500!#003P1817T1500!}
120.0,280.0,220.0,1,0,0,1328,1163,1594,1735,{#000P1328T1500!#001P1163T1500!#002P1594T1500!#003P1735T1500!}
120.0,280.0,260.0,0,8,,,,,,
120.0,280.0,300.0,0,8,,,,,,
120.0,280.0,340.0,0,8,,,,,,
120.0,280.0,380.0,0,8,,,,,,
120.0,280.0,420.0,0,8,,,,,,
120.0,320.0,20.0,0,8,,,,,,
120.0,320.0,60.0,1,0,-16,1347,857,1540,1602,{#000P1347T1500!#001P0857T1500!#002P1540T1500!#003P1602T1500!}
120.0,320.0,100.0,1,0,-12,1347,919,1532,1642,{#000P1347T1500!#001P0919T1500!#002P1532T1500!#003P1642T1500!}
120.0,320.0,140.0,1,0,-2,1347,967,1572,1576,{#000P1347T1500!#001P0967T1500!#002P1572T1500!#003P1576T1500!}
120.0,320.0,180.0,0,8,,,,,,
120.0,320.0,220.0,0,8,,,,,,
120.0,320.0,260.0,0,8,,,,,,
120.0,320.0,300.0,0,8,,,,,,
120.0,320.0,340.0,0,8,,,,,,
120.0,320.0,380.0,0,8,,,,,,
120.0,320.0,420.0,0,8,,,,,,
120.0,360.0,20.0,0,8,,,,,,
120.0,360.0,60.0,0,8,,,,,,
120.0,360.0,100.0,0,8,,,,,,
120.0,360.0,140.0,0,8,,,,,,
120.0,360.0,180.0,0,8,,,,,,
120.0,360.0,220.0,0,8,,,,,,
120.0,360.0,260.0,0,8,,,,,,
120.0,360.0,300.0,0,8,,,,,,
120.0,360.0,340.0,0,8,,,,,,
120.0,360.0,380.0,0,8,,,,,,
120.0,360.0,420.0,0,8,,,,,,
120.0,400.0,20.0,0,8,,,,,,
120.0,400.0,60.0,0,8,,,,,,
120.0,400.0,100.0,0,8,,,,,,
120.0,400.0,140.0,0,8,,,,,,
120.0,400.0,180.0,0,8,,,,,,
120.0,400.0,220.0,0,8,,,,,,
120.0,400.0,260.0,0,8,,,,,,
120.0,400.0,300.0,0,8,,,,,,
120.0,400.0,340.0,0,8,,,,,,
120.0,400.0,380.0,0,8,,,,,,
120.0,400.0,420.0,0,8,,,,,,
160.0,80.0,20.0,1,0,-85,1030,1147,1797,2146,{#000P1030T1500!#001P1147T1500!#002P1797T1500!#003P2146T1500!}
160.0,80.0,60.0,1,0,-75,1030,1276,1850,2147,{#000P1030T1500!#001P1276T1500!#002P1850T1500!#003P2147T1500!}
160.0,80.0,100.0,1,0,-63,1030,1382,1864,2151,{#000P1030T1500!#001P1382T1500!#002P1864T1500!#003P2151T1500!}
160.0,80.0,140.0,1,0,-50,1030,1459,1844,2152,{#000P1030T1500!#001P1459T1500!#002P1844T1500!#003P2152T1500!}
160.0,80.0,180.0,1,0,-37,1030,1501,1791,2151,{#000P1030T1500!#001P1501T1500!#002P1791T1500!#003P2151T1500!}
160.0,80.0,220.0,1,0,-24,1030,1513,1716,2141,{#000P1030T1500!#001P1513T1500!#002P1716T1500!#003P2141T1500!}
160.0,80.0,260.0,1,0,-11,1030,1489,1608,2129,{#000P1030T1500!#001P1489T1500!#002P1608T1500!#003P2129T1500!}
160.0,80.0,300.0,0,8,,,,,,
160.0,80.0,340.0,0,8,,,,,,
160.0,80.0,380.0,0,8,,,,,,
160.0,80.0,420.0,0,8,,,,,,
160.0,120.0,20.0,1,0,-80,1106,1092,1699,2152,{#000P1106T1500!#001P1092T1500!#002P1699T1500!#003P2152T1500!}
160.0,120.0,60.0,1,0,-71,1106,1217,1766,2143,{#000P1106T1500!#001P1217T1500!#002P1766T1500!#003P2143T1500!}
160.0,120.0,100.0,1,0,-61,1106,1300,1756,2162,{#000P1106T1500!#001P1300T1500!#002P1756T1500!#003P2162T1500!}
160.0,120.0,140.0,1,0,-49,1106,1372,1742,2159,{#000P1106T1500!#001P1372T1500!#002P1742T1500!#003P2159T1500!}
160.0,120.0,180.0,1,0,-36,1106,1425,1718,2139,{#000P1106T1500!#001P1425T1500!#002P1718T1500!#003P2139T1500!}
160.0,120.0,220.0,1,0,-23,1106,1444,1663,2117,{#000P1106T1500!#001P1444T1500!#002P1663T1500!#003P2117T1500!}
160.0,120.0,260.0,1,0,-10,1106,1411,1536,2115,{#000P1106T1500!#001P1411T1500!#002P1536T1500!#003P2115T1500!}
160.0,120.0,300.0,0,8,,,,,,
160.0,120.0,340.0,0,8,,,,,,
160.0,120.0,380.0,0,8,,,,,,
160.0,120.0,420.0,0,8,,,,,,
160.0,160.0,20.0,1,0,-72,1166,1046,1631,2114,{#000P1166T1500!#001P1046T1500!#002P1631T1500!#003P2114T1500!}
160.0,160.0,60.0,1,0,-65,1166,1143,1660,2131,{#000P1166T1500!#001P1143T1500!#002P1660T1500!#003P2131T1500!}
160.0,160.0,100.0,1,0,-56,1166,1220,1656,2145,{#000P1166T1500!#001P1220T1500!#002P1656T1500!#003P2145T1500!}
160.0,160.0,140.0,1,0,-45,1166,1290,1657,2133,{#000P1166T1500!#001P1290T1500!#002P1657T1500!#003P2133T1500!}
160.0,160.0,180.0,1,0,-33,1166,1337,1636,2112,{#000P1166T1500!#001P1337T1500!#002P1636T1500!#003P2112T1500!}
160.0,160.0,220.0,1,0,-20,1166,1372,1626,2060,{#000P1166T1500!#001P1372T1500!#002P1626T1500!#003P2060T1500!}
160.0,160.0,260.0,1,0,-7,1166,1339,1505,2052,{#000P1166T1500!#001P1339T1500!#002P1505T1500!#003P2052T1500!}
160.0,160.0,300.0,0,8,,,,,,
160.0,160.0,340.0,0,8,,,,,,
160.0,160.0,380.0,0,8,,,,,,
160.0,160.0,420.0,0,8,,,,,,
160.0,200.0,20.0,1,0,-62,1213,1001,1588,2038,{#000P1213T1500!#001P1001T1500!#002P1588T1500!#003P2038T1500!}
160.0,200.0,60.0,1,0,-56,1213,1091,1617,2055,{#000P1213T1500!#001P1091T1500!#002P1617T1500!#003P2055T1500!}
160.0,200.0,100.0,1,0,-48,1213,1163,1621,2064,{#000P1213T1500!#001P1163T1500!#002P1621T1500!#003P2064T1500!}
160.0,200.0,140.0,1,0,-38,1213,1231,1637,2042,{#000P1213T1500!#001P1231T1500!#002P1637T1500!#003P2042T1500!}
160.0,200.0,180.0,1,0,-27,1213,1271,1618,2020,{#000P1213T1500!#001P1271T1500!#002P1618T1500!#003P2020T1500!}
160.0,200.0,220.0,1,0,-15,1213,1285,1575,1987,{#000P1213T1500!#001P1285T1500!#002P1575T1500!#003P1987T1500!}
160.0,200.0,260.0,1,0,-1,1213,1311,1603,1881,{#000P1213T1500!#001P1311T1500!#002P1603T1500!#003P1881T1500!}
160.0,200.0,300.0,0,8,,,,,,
160.0,200.0,340.0,0,8,,,,,,
160.0,200.0,380.0,0,8,,,,,,
160.0,200.0,420.0,0,8,,,,,,
160.0,240.0,20.0,1,0,-50,1250,939,1543,1932,{#000P1250T1500!#001P0939T1500!#002P1543T1500!#003P1932T1500!}
160.0,240.0,60.0,1,0,-45,1250,1032,1590,1941,{#000P1250T1500!#001P1032T1500!#002P1590T1500!#003P1941T1500!}
160.0,240.0,100.0,1,0,-38,1250,1098,1597,1949,{#000P1250T1500!#001P1098T1500!#002P1597T1500!#003P1949T1500!}
160.0,240.0,140.0,1,0,-29,1250,1157,1610,1928,{#000P1250T1500!#001P1157T1500!#002P1610T1500!#003P1928T1500!}
160.0,240.0,180.0,1,0,-19,1250,1168,1543,1932,{#000P1250T1500!#001P1168T1500!#002P1543T1500!#003P1932T1500!}
160.0,240.0,220.0,1,0,-6,1250,1221,1614,1818,{#000P1250T1500!#001P1221T1500!#002P1614T1500!#003P1818T1500!}
160.0,240.0,260.0,0,8,,,,,,
160.0,240.0,300.0,0,8,,,,,,
160.0,240.0,340.0,0,8,,,,,,
160.0,240.0,380.0,0,8,,,,,,
160.0,240.0,420.0,0,8,,,,,,
160.0,280.0,20.0,1,0,-33,1279,869,1558,1722,{#000P1279T1500!#001P0869T1500!#002P1558T1500!#003P1722T1500!}
160.0,280.0,60.0,1,0,-30,1279,957,1588,1757,{#000P1279T1500!#001P0957T1500!#002P1588T1500!#003P1757T1500!}
160.0,280.0,100.0,1,0,-24,1279,1023,1604,1763,{#000P1279T1500!#001P1023T1500!#002P1604T1500!#003P1763T1500!}
160.0,280.0,140.0,1,0,-16,1279,1057,1577,1765,{#000P1279T1500!#001P1057T1500!#002P1577T1500!#003P1765T1500!}
160.0,280.0,180.0,1,0,-5,1279,1080,1570,1714,{#000P1279T1500!#001P1080T1500!#002P1570T1500!#003P1714T1500!}
160.0,280.0,220.0,0,8,,,,,,
160.0,280.0,260.0,0,8,,,,,,
160.0,280.0,300.0,0,8,,,,,,
160.0,280.0,340.0,0,8,,,,,,
160.0,280.0,380.0,0,8,,,,,,
160.0,280.0,420.0,0,8,,,,,,
160.0,320.0,20.0,0,8,,,,,,
160.0,320.0,60.0,0,8,,,,,,
160.0,320.0,100.0,0,8,,,,,,
160.0,320.0,140.0,0,8,,,,,,
160.0,320.0,180.0,0,8,,,,,,
160.0,320.0,220.0,0,8,,,,,,
160.0,320.0,260.0,0,8,,,,,,
160.0,320.0,300.0,0,8,,,,,,
160.0,320.0,340.0,0,8,,,,,,
160.0,320.0,380.0,0,8,,,,,,
160.0,320.0,420.0,0,8,,,,,,
160.0,360.0,20.0,0,8,,,,,,
160.0,360.0,60.0,0,8,,,,,,
160.0,360.0,100.0,0,8,,,,,,
160.0,360.0,140.0,0,8,,,,,,
160.0,360.0,180.0,0,8,,,,,,
160.0,360.0,220.0,0,8,,,,,,
160.0,360.0,260.0,0,8,,,,,,
160.0,360.0,300.0,0,8,,,,,,
160.0,360.0,340.0,0,8,,,,,,
160.0,360.0,380.0,0,8,,,,,,
160.0,360.0,420.0,0,8,,,,,,
160.0,400.0,20.0,0,8,,,,,,
160.0,400.0,60.0,0,8,,,,,,
160.0,400.0,100.0,0,8,,,,,,
160.0,400.0,140.0,0,8,,,,,,
160.0,400.0,180.0,0,8,,,,,,
160.0,400.0,220.0,0,8,,,,,,
160.0,400.0,260.0,0,8,,,,,,
160.0,400.0,300.0,0,8,,,,,,
160.0,400.0,340.0,0,8,,,,,,
160.0,400.0,380.0,0,8,,,,,,
160.0,400.0,420.0,0,8,,,,,,
